[
{
  "model": "catalog.category",
  "pk": 1,
  "fields": {
    "is_published": true,
    "name": "игрушки",
    "canonical_name": null,
    "slug": "toys__342342341",
    "weight": 3
  }
},
{
  "model": "catalog.category",
  "pk": 2,
  "fields": {
    "is_published": true,
    "name": "одежда",
    "canonical_name": null,
    "slug": "slug_slugovich11241",
    "weight": 2
  }
},
{
  "model": "catalog.category",
  "pk": 3,
  "fields": {
    "is_published": true,
    "name": "электронная техника",
    "canonical_name": null,
    "slug": "fsafajifappler12",
    "weight": 87
  }
},
{
  "model": "catalog.tag",
  "pk": 1,
  "fields": {
    "is_published": true,
    "name": "для детей",
    "canonical_name": null,
    "slug": "dsafasd__hjjfd2344234"
  }
},
{
  "model": "catalog.tag",
  "pk": 3,
  "fields": {
    "is_published": true,
    "name": "для взрослых",
    "canonical_name": null,
    "slug": "sluuuuug_123321214"
  }
},
{
  "model": "catalog.tag",
  "pk": 4,
  "fields": {
    "is_published": true,
    "name": "со скидкой",
    "canonical_name": null,
    "slug": "slug131242341321twqeas"
  }
},
{
  "model": "catalog.tag",
  "pk": 5,
  "fields": {
    "is_published": true,
    "name": "осенняя распродажа",
    "canonical_name": null,
    "slug": "slug_10313231tesadt"
  }
},
{
  "model": "catalog.tag",
  "pk": 6,
  "fields": {
    "is_published": true,
    "name": "сертефецированный продовец",
    "canonical_name": null,
    "slug": "slu423234g23423_92eqwe"
  }
},
{
  "model": "catalog.tag",
  "pk": 7,
  "fields": {
    "is_published": true,
    "name": "apple",
    "canonical_name": null,
    "slug": "sdfsdfsdfsfsdf123333333333333333333"
  }
},
{
  "model": "catalog.item",
  "pk": 4,
  "fields": {
    "is_published": false,
    "is_on_main": false,
    "name": "Игрушка \"Лапка\"",
    "category": 1,
    "text": "тестовое описание роскошно",
    "updated": "2024-11-20T19:56:43.602Z",
    "created": "2024-11-20T19:56:43.590Z",
    "tags": [
      1
    ]
  }
},
{
  "model": "catalog.item",
  "pk": 5,
  "fields": {
    "is_published": true,
    "is_on_main": false,
    "name": "Квадрокоптер",
    "category": 1,
    "text": "<p>Складной мини-дрон с <strong>Wi-Fi HD FPV</strong> камерой дистанционного управления. С откидной ручкой, она маленькая и легко переносится. Имеет высокую функцию режима удержания для обеспечения стабильного полета. Превосходно работает на протяжении 30 минут полета</p>",
    "updated": "2024-11-20T19:56:43.602Z",
    "created": "2024-11-20T19:56:43.590Z",
    "tags": [
      1,
      6,
      4,
      3
    ]
  }
},
{
  "model": "catalog.item",
  "pk": 6,
  "fields": {
    "is_published": false,
    "is_on_main": false,
    "name": "Джинсы широкие",
    "category": 2,
    "text": "превосходно подходят для мужчин и женщин",
    "updated": "2024-11-20T19:56:43.602Z",
    "created": "2024-11-20T19:56:43.590Z",
    "tags": [
      4,
      5,
      3
    ]
  }
},
{
  "model": "catalog.item",
  "pk": 7,
  "fields": {
    "is_published": false,
    "is_on_main": false,
    "name": "Платье Prada",
    "category": 2,
    "text": "роскошно е платье от именитого бренда Prada",
    "updated": "2024-11-20T19:56:43.602Z",
    "created": "2024-11-20T19:56:43.590Z",
    "tags": [
      6,
      3
    ]
  }
},
{
  "model": "catalog.item",
  "pk": 8,
  "fields": {
    "is_published": true,
    "is_on_main": false,
    "name": "Набор Lego",
    "category": 1,
    "text": "<p>Данный набор лего превосходно и весело скрасит ваши дни. Собирать Lego можно одному или всей семьей.</p>",
    "updated": "2024-11-20T19:56:43.602Z",
    "created": "2024-11-20T19:56:43.590Z",
    "tags": [
      1,
      6,
      4,
      5,
      3
    ]
  }
},
{
  "model": "catalog.item",
  "pk": 9,
  "fields": {
    "is_published": true,
    "is_on_main": true,
    "name": "iPhone 16 Pro Max",
    "category": 3,
    "text": "<p>Революционная производительность. Графика следующего поколения. Превосходно работает до 22 часов без подзарядки. &loz; Теперь в цвете космический черный.</p>",
    "updated": "2024-11-21T17:49:15.839Z",
    "created": "2024-11-20T19:56:43.590Z",
    "tags": [
      7,
      6
    ]
  }
},
{
  "model": "catalog.item",
  "pk": 10,
  "fields": {
    "is_published": true,
    "is_on_main": true,
    "name": "Macbook",
    "category": 3,
    "text": "<p>Невероятно тонкий, легкий и портативный дизайн. Раздвиньте границы того, что возможно на iPad, с помощью увеличенной 13-дюймовой модели. Превосходно подойдет под любые цели!</p>",
    "updated": "2024-11-21T17:49:15.838Z",
    "created": "2024-11-20T19:56:43.590Z",
    "tags": [
      7,
      6,
      5
    ]
  }
},
{
  "model": "catalog.item",
  "pk": 11,
  "fields": {
    "is_published": true,
    "is_on_main": true,
    "name": "iPad",
    "category": 3,
    "text": "<p>Превосходный дизайн и эргономика. Искусственный интеллект. Новый процессор и улучшенные камеры. Качественный дисплей и защита глаз. И это ещё далеко не всё! роскошно</p>",
    "updated": "2024-11-21T17:49:15.835Z",
    "created": "2024-11-20T19:56:43.590Z",
    "tags": [
      7,
      6
    ]
  }
},
{
  "model": "catalog.item",
  "pk": 13,
  "fields": {
    "is_published": true,
    "is_on_main": false,
    "name": "Футболка Яндекс",
    "category": 2,
    "text": "<p>Футболки новой базовой коллекции <strong>Яндекса</strong>. Большой логотип заметен издалека, даже если надеть пиджак или ветровку. Доступны новые мягкие цвета: пыльно-голубой, оливковый и графит. <strong>92% хлопок</strong>. Превосходно подйдет для <strong>взрослых и детей</strong>.</p>",
    "updated": "2024-11-20T19:56:43.602Z",
    "created": "2024-11-20T19:56:43.590Z",
    "tags": [
      1,
      6,
      4,
      3
    ]
  }
},
{
  "model": "catalog.mainimage",
  "pk": 8,
  "fields": {
    "image": "catalog/ipad_main.jpg",
    "item": 11
  }
},
{
  "model": "catalog.mainimage",
  "pk": 9,
  "fields": {
    "image": "catalog/macbook_main.png",
    "item": 10
  }
},
{
  "model": "catalog.mainimage",
  "pk": 10,
  "fields": {
    "image": "catalog/iphone-16-pro_main.jpg",
    "item": 9
  }
},
{
  "model": "catalog.mainimage",
  "pk": 11,
  "fields": {
    "image": "catalog/lego_main.jpg",
    "item": 8
  }
},
{
  "model": "catalog.mainimage",
  "pk": 12,
  "fields": {
    "image": "catalog/kvadrokopter_main.jpg",
    "item": 5
  }
},
{
  "model": "catalog.mainimage",
  "pk": 13,
  "fields": {
    "image": "catalog/t-shirt_main.webp",
    "item": 13
  }
},
{
  "model": "catalog.image",
  "pk": 14,
  "fields": {
    "image": "catalog/ipad_2.jpg",
    "item": 11
  }
},
{
  "model": "catalog.image",
  "pk": 15,
  "fields": {
    "image": "catalog/ipad_3.jpg",
    "item": 11
  }
},
{
  "model": "catalog.image",
  "pk": 16,
  "fields": {
    "image": "catalog/macbook_1.png",
    "item": 10
  }
},
{
  "model": "catalog.image",
  "pk": 17,
  "fields": {
    "image": "catalog/macbook_2.png",
    "item": 10
  }
},
{
  "model": "catalog.image",
  "pk": 18,
  "fields": {
    "image": "catalog/macbook_3.png",
    "item": 10
  }
},
{
  "model": "catalog.image",
  "pk": 19,
  "fields": {
    "image": "catalog/iphone-16-pro_1.jpg",
    "item": 9
  }
},
{
  "model": "catalog.image",
  "pk": 20,
  "fields": {
    "image": "catalog/iphone-16-pro_2.jpg",
    "item": 9
  }
},
{
  "model": "catalog.image",
  "pk": 21,
  "fields": {
    "image": "catalog/iphone-16-pro_3.jpg",
    "item": 9
  }
},
{
  "model": "catalog.image",
  "pk": 22,
  "fields": {
    "image": "catalog/lego_1.jpg",
    "item": 8
  }
},
{
  "model": "catalog.image",
  "pk": 23,
  "fields": {
    "image": "catalog/lego_2.jpg",
    "item": 8
  }
},
{
  "model": "catalog.image",
  "pk": 24,
  "fields": {
    "image": "catalog/kvadrokopter_1.jpg",
    "item": 5
  }
},
{
  "model": "catalog.image",
  "pk": 25,
  "fields": {
    "image": "catalog/kvadrokopter_2.jpg",
    "item": 5
  }
},
{
  "model": "catalog.image",
  "pk": 26,
  "fields": {
    "image": "catalog/kvadrokopter_3.jpg",
    "item": 5
  }
},
{
  "model": "catalog.image",
  "pk": 27,
  "fields": {
    "image": "catalog/t-shirt_1.webp",
    "item": 13
  }
},
{
  "model": "catalog.image",
  "pk": 28,
  "fields": {
    "image": "catalog/t-shirt_2.webp",
    "item": 13
  }
},
{
  "model": "catalog.image",
  "pk": 29,
  "fields": {
    "image": "catalog/t-shirt_3.webp",
    "item": 13
  }
}
]
